time_from_start,panda_joint1_pos,panda_joint1_vel,panda_joint2_pos,panda_joint2_vel,panda_joint3_pos,panda_joint3_vel,panda_joint4_pos,panda_joint4_vel,panda_joint5_pos,panda_joint5_vel,panda_joint6_pos,panda_joint6_vel,panda_joint7_pos,panda_joint7_vel,eef_pos_x,eef_pos_y,eef_pos_z,eef_orient_x,eef_orient_y,eef_orient_z,eef_orient_w
0,0.000140103,0.00181348,-0.786659,-0.0110612,4.31039e-05,-0.00447653,-2.35493,-0.0171502,1.45707e-05,-0.00479484,1.57599,0.0067837,0.785363,0.00121493,0.307149,6.2502e-05,0.591725,-0.923914,0.382582,-0.00356518,0.00146818
0.033,0.000129026,0.00400888,-0.786657,0.000655667,3.58204e-05,-0.000913317,-2.35492,0.00952462,1.47825e-05,0.00492332,1.57597,-0.0102516,0.785359,-0.00185786,0.307149,6.18303e-05,0.591724,-0.923912,0.382586,-0.00356837,0.00146972
0.066,0.000140477,0.000810983,-0.786659,-0.0110166,4.31207e-05,-0.00357262,-2.35493,-0.0171409,1.51616e-05,-0.00411561,1.57599,0.00675026,0.785363,0.00112875,0.307148,5.55366e-05,0.591728,-0.92391,0.382591,-0.00356346,0.00147055
0.1,0.000140263,0.000701345,-0.786659,-0.0110226,4.43505e-05,-0.00354206,-2.35493,-0.0171414,1.56686e-05,-0.00420017,1.57599,0.00675346,0.785363,0.00114204,0.307149,6.20149e-05,0.591724,-0.923912,0.382585,-0.00356826,0.00146999
0.133,0.000178732,-0.00355347,-0.786656,0.00241956,4.75914e-05,-0.00170448,-2.35492,-0.00444128,1.91746e-05,-0.00744594,1.57599,0.00784876,0.785362,0.0038503,0.307149,6.24953e-05,0.591724,-0.923912,0.382585,-0.00356834,0.00146982
0.167,0.000150763,-0.00552457,-0.786659,0.00848962,4.93668e-05,0.0145403,-2.35492,0.0124177,2.66752e-05,0.0112418,1.57598,-0.00397709,0.785359,-0.00230662,0.30715,7.59814e-05,0.591728,-0.92392,0.382566,-0.0035697,0.00147113
0.2,0.000150834,-0.00551764,-0.786659,0.00849003,4.8627e-05,0.0145641,-2.35492,0.0124182,2.66557e-05,0.0112503,1.57598,-0.00397694,0.785359,-0.0023073,0.307149,6.89e-05,0.59173,-0.923916,0.382576,-0.00356808,0.00147377
0.233,0.000150931,-0.00533371,-0.786659,0.00849465,4.81166e-05,0.0144572,-2.35492,0.0124153,2.58956e-05,0.0113477,1.57598,-0.00397018,0.785359,-0.00233419,0.307149,6.86236e-05,0.59173,-0.923916,0.382577,-0.00356797,0.001474
0.266,0.000128997,0.00400828,-0.786657,0.000655579,3.61025e-05,-0.000918173,-2.35492,0.00952445,1.48054e-05,0.00492086,1.57597,-0.0102516,0.785359,-0.00185781,0.307149,6.83685e-05,0.59173,-0.923916,0.382577,-0.00356806,0.00147382
0.3,0.000128997,0.00400828,-0.786657,0.000655579,3.61025e-05,-0.000918173,-2.35492,0.00952445,1.48054e-05,0.00492086,1.57597,-0.0102516,0.785359,-0.00185781,0.307148,5.56429e-05,0.591728,-0.92391,0.382591,-0.00356349,0.00147047
0.334,0.000140252,0.000700497,-0.786659,-0.0110225,4.43514e-05,-0.00354402,-2.35493,-0.0171414,1.56622e-05,-0.00420032,1.57599,0.00675347,0.785363,0.00114209,0.307148,5.56429e-05,0.591728,-0.92391,0.382591,-0.00356349,0.00147047
0.369,0.000140252,0.000700497,-0.786659,-0.0110225,4.43514e-05,-0.00354402,-2.35493,-0.0171414,1.56622e-05,-0.00420032,1.57599,0.00675347,0.785363,0.00114209,0.307149,6.24916e-05,0.591724,-0.923912,0.382585,-0.00356834,0.00146982
0.4,0.000169511,-0.00450776,-0.786667,-0.00980273,3.54222e-05,-0.000856208,-2.35493,-0.011246,1.59186e-05,0.00106377,1.57599,0.0124929,0.785361,0.00150086,0.307149,6.24916e-05,0.591724,-0.923912,0.382585,-0.00356834,0.00146982
0.433,0.000128963,0.00413894,-0.786657,0.000678466,3.51659e-05,-0.000715685,-2.35492,0.00953818,1.38273e-05,0.00500666,1.57597,-0.0102567,0.78536,-0.00191482,0.307147,6.79326e-05,0.591727,-0.923917,0.382573,-0.00356826,0.00147339
0.466,0.000150727,0.0038447,-0.786658,0.00134588,3.79469e-05,-0.00686547,-2.35493,0.00400882,1.03401e-05,-0.00582247,1.57598,-0.00973235,0.785361,-0.00130498,0.307148,5.51535e-05,0.591728,-0.923909,0.382592,-0.00356355,0.00147032
0.5,0.000150928,0.00393825,-0.786658,0.00134832,3.71996e-05,-0.00689961,-2.35493,0.00400831,9.95479e-06,-0.00575681,1.57598,-0.00973669,0.785361,-0.00131444,0.307149,6.25793e-05,0.591725,-0.923914,0.382581,-0.00356522,0.00146811
0.533,0.000140257,0.00070156,-0.786659,-0.0110226,4.43467e-05,-0.0035418,-2.35493,-0.0171414,1.5668e-05,-0.00420011,1.57599,0.00675346,0.785363,0.00114202,0.307149,6.23011e-05,0.591725,-0.923914,0.382582,-0.00356518,0.00146817
0.566,0.000140382,0.000714678,-0.786659,-0.0110224,4.35685e-05,-0.00352505,-2.35493,-0.0171407,1.5612e-05,-0.00418662,1.57599,0.0067528,0.785363,0.00114066,0.307149,6.24917e-05,0.591724,-0.923912,0.382585,-0.00356834,0.00146983
0.6,0.000144411,0.00541057,-0.786648,0.00794309,4.68298e-05,-0.00117026,-2.35492,0.00690273,1.90959e-05,-0.000278738,1.57599,-0.00322541,0.785362,-0.000508746,0.307149,6.22128e-05,0.591724,-0.923912,0.382585,-0.00356823,0.00147005
0.633,0.000178679,-0.00360917,-0.786656,0.00242015,4.81342e-05,-0.00167934,-2.35492,-0.00444207,1.94215e-05,-0.00747776,1.57599,0.00785094,0.785362,0.00385622,0.307152,6.5127e-05,0.591728,-0.923914,0.382582,-0.00356768,0.00147047
0.666,0.000178788,-0.00345318,-0.786656,0.00242714,4.7482e-05,-0.00176252,-2.35492,-0.0044428,1.87623e-05,-0.00738107,1.57599,0.00785327,0.785363,0.00383468,0.30715,7.62086e-05,0.591728,-0.92392,0.382566,-0.00356973,0.00147107
0.7,0.000178666,-0.00361336,-0.786656,0.00241948,4.86295e-05,-0.00169042,-2.35492,-0.00444263,1.94509e-05,-0.00748353,1.57599,0.0078509,0.785362,0.00385652,0.30715,7.59108e-05,0.591728,-0.92392,0.382566,-0.00356977,0.00147098
0.733,0.000150878,-0.00545775,-0.786659,0.00848884,4.81463e-05,0.0145333,-2.35492,0.0124178,2.63716e-05,0.011285,1.57598,-0.00397922,0.785359,-0.00231316,0.30715,7.64059e-05,0.591728,-0.92392,0.382566,-0.0035698,0.00147092
0.766,0.000169359,-0.00451529,-0.786667,-0.00980306,3.61429e-05,-0.000879165,-2.35493,-0.0112466,1.59437e-05,0.00105406,1.57599,0.0124928,0.785361,0.00150193,0.307149,6.84147e-05,0.59173,-0.923916,0.382577,-0.00356796,0.00147403
0.8,0.000129121,0.00401652,-0.786657,0.000655458,3.54755e-05,-0.000906791,-2.35492,0.00952463,1.47485e-05,0.00493001,1.57597,-0.0102516,0.785359,-0.0018586,0.307147,6.81771e-05,0.591727,-0.923917,0.382573,-0.00356836,0.00147317
0.833,0.000150979,0.00411716,-0.786658,0.00133844,3.7508e-05,-0.00699737,-2.35493,0.00400349,9.43295e-06,-0.00577957,1.57598,-0.00972585,0.785361,-0.00134314,0.307148,5.54241e-05,0.591728,-0.92391,0.382591,-0.00356341,0.00147064
0.866,0.000140301,0.000702875,-0.786659,-0.0110225,4.4168e-05,-0.00353363,-2.35493,-0.0171413,1.56769e-05,-0.00419876,1.57599,0.00675358,0.785363,0.00114196,0.307149,6.23844e-05,0.591725,-0.923914,0.382582,-0.00356532,0.00146783
0.901,0.000140462,0.000810253,-0.786659,-0.0110165,4.32272e-05,-0.00357704,-2.35493,-0.0171409,1.5164e-05,-0.0041158,1.57599,0.00675021,0.785363,0.00112885,0.307149,6.24348e-05,0.591724,-0.923912,0.382585,-0.00356831,0.00146989
0.933,0.0001445,0.00441306,-0.786648,0.0079092,4.71733e-05,-0.000426066,-2.35492,0.00687997,1.96457e-05,0.000290459,1.57599,-0.00313468,0.785361,-0.00103441,0.307149,6.20532e-05,0.591724,-0.923912,0.382585,-0.00356828,0.00146996
0.966,0.000144602,0.00442932,-0.786648,0.00790931,4.63175e-05,-0.00041037,-2.35492,0.00688013,1.95715e-05,0.00030562,1.57599,-0.00313519,0.785361,-0.00103588,0.307152,6.53504e-05,0.591728,-0.923914,0.382581,-0.00356767,0.00147063
1,0.000150758,-0.00552505,-0.786659,0.00848957,4.9539e-05,0.0145341,-2.35492,0.0124176,2.66773e-05,0.0112413,1.57598,-0.00397721,0.785359,-0.00230655,0.307152,6.50314e-05,0.591728,-0.923914,0.382582,-0.00356755,0.00147087
1.033,0.000169483,-0.0045084,-0.786667,-0.00980264,3.54362e-05,-0.000859009,-2.35493,-0.0112459,1.59112e-05,0.00106351,1.57599,0.0124929,0.785361,0.00150097,0.307149,6.89676e-05,0.59173,-0.923916,0.382576,-0.00356811,0.00147372
1.066,0.00016964,-0.00429494,-0.786667,-0.00980022,3.49909e-05,-0.000980386,-2.35493,-0.0112472,1.50929e-05,0.00115721,1.57599,0.012501,0.785361,0.00146549,0.307147,6.79288e-05,0.591727,-0.923917,0.382573,-0.00356826,0.00147338
1.1,0.000150697,0.00384352,-0.786658,0.00134564,3.82044e-05,-0.00687022,-2.35493,0.00400856,1.03588e-05,-0.00582528,1.57598,-0.00973221,0.785361,-0.00130487,0.307147,6.7712e-05,0.591727,-0.923917,0.382574,-0.00356836,0.00147315
1.133,0.000150899,0.0038816,-0.786658,0.00134739,3.73981e-05,-0.00687363,-2.35493,0.00400937,1.02092e-05,-0.00579703,1.57598,-0.00973299,0.785361,-0.00130912,0.307149,6.26752e-05,0.591725,-0.923914,0.382581,-0.00356525,0.00146804
1.166,0.000140243,0.000700537,-0.786659,-0.0110226,4.45653e-05,-0.00355011,-2.35493,-0.0171415,1.5671e-05,-0.00420098,1.57599,0.00675337,0.785363,0.0011421,0.307149,6.23988e-05,0.591725,-0.923914,0.382582,-0.00356516,0.00146823
1.2,0.000144589,0.00442849,-0.786648,0.00790936,4.63763e-05,-0.000413798,-2.35492,0.00688019,1.95706e-05,0.000305366,1.57599,-0.00313517,0.785361,-0.00103582,0.307149,6.25753e-05,0.591724,-0.923912,0.382585,-0.00356837,0.00146976
1.233,0.000144629,0.00468852,-0.786648,0.0078928,4.63826e-05,-0.000479811,-2.35492,0.00685818,1.85282e-05,0.000260818,1.57599,-0.00311769,0.785362,-0.00106285,0.307152,6.50509e-05,0.591728,-0.923914,0.382582,-0.00356756,0.00147085
1.266,0.000178671,-0.00361226,-0.786656,0.00241953,4.83878e-05,-0.00168205,-2.35492,-0.00444246,1.94469e-05,-0.00748166,1.57599,0.00785101,0.785362,0.00385649,0.307152,6.49546e-05,0.591728,-0.923914,0.382582,-0.00356775,0.00147036
1.3,0.000140452,0.000810147,-0.786659,-0.0110165,4.31895e-05,-0.00357661,-2.35493,-0.0171409,1.5157e-05,-0.00411569,1.57599,0.0067502,0.785363,0.00112885,0.30715,7.63102e-05,0.591728,-0.92392,0.382566,-0.00356976,0.001471
1.333,0.000178665,-0.003614,-0.786656,0.00241957,4.86107e-05,-0.00169211,-2.35492,-0.00444258,1.94405e-05,-0.00748364,1.57599,0.0078509,0.785362,0.00385655,0.307149,6.20343e-05,0.591724,-0.923912,0.382585,-0.00356827,0.00146996
1.366,0.000178665,-0.003614,-0.786656,0.00241957,4.86107e-05,-0.00169211,-2.35492,-0.00444258,1.94405e-05,-0.00748364,1.57599,0.0078509,0.785362,0.00385655,0.30715,7.6397e-05,0.591728,-0.92392,0.382566,-0.0035698,0.00147092
1.4,0.000144594,0.00442954,-0.786648,0.00790931,4.63076e-05,-0.000410013,-2.35492,0.00688012,1.95698e-05,0.000305702,1.57599,-0.00313519,0.785361,-0.00103591,0.30715,7.6397e-05,0.591728,-0.92392,0.382566,-0.0035698,0.00147092
1.433,0.000144636,0.00468944,-0.786648,0.00789273,4.64014e-05,-0.000478296,-2.35492,0.00685816,1.85364e-05,0.000260928,1.57599,-0.00311773,0.785362,-0.00106291,0.307152,6.50248e-05,0.591728,-0.923914,0.382582,-0.00356755,0.00147087
1.466,0.000150819,-0.00552188,-0.786659,0.0084895,4.89854e-05,0.0145588,-2.35492,0.012418,2.66943e-05,0.0112454,1.57598,-0.00397695,0.785359,-0.00230689,0.307152,6.4965e-05,0.591728,-0.923914,0.382582,-0.00356775,0.00147036
1.501,0.000169635,-0.00429576,-0.786667,-0.00980021,3.5127e-05,-0.000985591,-2.35493,-0.0112471,1.50985e-05,0.00115692,1.57599,0.012501,0.785361,0.00146561,0.307149,6.87665e-05,0.59173,-0.923916,0.382577,-0.00356802,0.0014739
1.533,0.000150784,-0.00552406,-0.786659,0.00848966,4.92037e-05,0.0145479,-2.35492,0.0124178,2.66843e-05,0.0112429,1.57598,-0.00397699,0.785359,-0.00230668,0.307147,6.77653e-05,0.591727,-0.923917,0.382574,-0.00356838,0.00147311
1.566,0.000129225,0.00404009,-0.786657,0.000657013,3.51845e-05,-0.000918219,-2.35492,0.0095243,1.46472e-05,0.00494599,1.57597,-0.0102515,0.785359,-0.00186135,0.307149,6.88421e-05,0.59173,-0.923916,0.382577,-0.00356806,0.00147383
1.6,0.00015062,0.00384114,-0.786658,0.00134556,3.85793e-05,-0.00688675,-2.35493,0.00400836,1.03529e-05,-0.00582748,1.57598,-0.0097324,0.785361,-0.00130467,0.307148,5.53287e-05,0.591728,-0.92391,0.382591,-0.00356339,0.00147069
1.633,0.000150784,0.00385251,-0.786658,0.00134568,3.76624e-05,-0.0068635,-2.35493,0.00400911,1.03026e-05,-0.0058151,1.57598,-0.0097327,0.785361,-0.00130572,0.307149,6.28009e-05,0.591725,-0.923914,0.382581,-0.00356531,0.00146791
1.667,0.000150955,0.00411645,-0.786658,0.00133853,3.74719e-05,-0.00699836,-2.35493,0.00400351,9.42322e-06,-0.00577962,1.57598,-0.00972584,0.785361,-0.00134307,0.307149,6.2479e-05,0.591725,-0.923914,0.382582,-0.00356518,0.00146818
1.701,0.000140287,0.000702611,-0.786659,-0.0110225,4.41185e-05,-0.00353345,-2.35493,-0.0171413,1.56667e-05,-0.00419863,1.57599,0.00675357,0.785363,0.00114196,0.307149,6.23616e-05,0.591725,-0.923914,0.382582,-0.00356532,0.00146784
1.733,0.00014044,0.00074619,-0.786659,-0.011021,4.32876e-05,-0.00354065,-2.35493,-0.0171401,1.54766e-05,-0.0041666,1.57599,0.00675268,0.785363,0.00113642,0.307149,6.24094e-05,0.591724,-0.923912,0.382585,-0.0035683,0.0014699
1.766,0.000144492,0.00441315,-0.786648,0.00790909,4.7397e-05,-0.000432171,-2.35492,0.00687988,1.96553e-05,0.000289761,1.57599,-0.0031348,0.785361,-0.00103443,0.307149,6.2104e-05,0.591724,-0.923912,0.382585,-0.00356822,0.00147008
1.8,0.000178698,-0.00359551,-0.786656,0.00242055,4.78425e-05,-0.00168251,-2.35492,-0.00444182,1.93556e-05,-0.00746661,1.57599,0.0078498,0.785362,0.0038548,0.307152,6.54385e-05,0.591728,-0.923914,0.382581,-0.0035677,0.00147056
1.833,0.000150828,-0.0053285,-0.786659,0.00849978,4.84356e-05,0.0146573,-2.35492,0.0124147,2.56266e-05,0.0111949,1.57598,-0.00397651,0.785359,-0.00231304,0.30715,7.60906e-05,0.591728,-0.92392,0.382566,-0.0035697,0.00147113
1.866,0.000169463,-0.00451283,-0.786667,-0.00980309,3.57186e-05,-0.000860941,-2.35493,-0.0112464,1.59493e-05,0.00105801,1.57599,0.0124929,0.785361,0.00150151,0.307149,6.84357e-05,0.59173,-0.923916,0.382577,-0.00356814,0.00147359
1.9,0.000129238,0.00426416,-0.786657,0.000645724,3.52662e-05,-0.00106117,-2.35492,0.00951202,1.38346e-05,0.00499341,1.57597,-0.0102351,0.78536,-0.00189475,0.307147,6.80399e-05,0.591727,-0.923917,0.382573,-0.00356829,0.00147331
1.933,0.000150678,0.00384256,-0.786658,0.00134574,3.81981e-05,-0.00687238,-2.35493,0.00400861,1.03508e-05,-0.00582548,1.57598,-0.0097322,0.785361,-0.00130479,0.307148,5.5279e-05,0.591728,-0.92391,0.382592,-0.00356357,0.00147029
1.966,0.000140422,0.000745669,-0.786659,-0.0110209,4.32412e-05,-0.00354106,-2.35493,-0.0171401,1.54654e-05,-0.00416654,1.57599,0.00675267,0.785363,0.00113644,0.307149,6.2666e-05,0.591725,-0.923914,0.382581,-0.00356525,0.00146803
2,0.000144424,0.00541189,-0.786648,0.0079431,4.66542e-05,-0.00116268,-2.35492,0.00690273,1.9097e-05,-0.000278223,1.57599,-0.00322535,0.785362,-0.000508846,0.307149,6.20786e-05,0.591724,-0.923912,0.382585,-0.00356822,0.00147009
2.033,0.000178683,-0.00360785,-0.786656,0.00242,4.81369e-05,-0.00167588,-2.35492,-0.00444216,1.94337e-05,-0.00747748,1.57599,0.00785094,0.785362,0.00385613,0.307152,6.50609e-05,0.591728,-0.923914,0.382582,-0.00356765,0.00147052
2.066,0.000150819,-0.00532888,-0.786659,0.00849976,4.8592e-05,0.014652,-2.35492,0.0124147,2.56311e-05,0.0111946,1.57598,-0.0039766,0.785359,-0.00231295,0.30715,7.62123e-05,0.591728,-0.92392,0.382566,-0.00356972,0.00147107
2.1,0.000145295,-0.00549889,-0.786636,0.0124424,4.9265e-05,0.0147748,-2.3549,0.0161077,2.34877e-05,0.010768,1.57599,-0.00228557,0.78536,-0.00208985,0.307149,6.84959e-05,0.59173,-0.923916,0.382577,-0.00356816,0.00147354
2.133,0.000139345,-0.00435204,-0.785813,0.0433618,4.88752e-05,0.000906613,-2.35412,0.0383147,-2.58421e-05,0.000875308,1.57647,0.043403,0.785379,0.00202683,0.307156,6.68414e-05,0.591733,-0.923914,0.38258,-0.00357124,0.00147339
2.166,0.000153013,0.0013311,-0.782452,0.13317,8.90958e-05,-0.00407501,-2.35119,0.105655,-4.51821e-05,-0.00203428,1.57839,0.0905563,0.785399,0.00113327,0.307437,5.96594e-05,0.591892,-0.923909,0.382591,-0.00378189,0.00153416
2.2,0.000195756,-0.00472889,-0.776053,0.237247,0.000140269,0.0171354,-2.34628,0.174653,1.53497e-05,0.0133261,1.58179,0.111506,0.785397,-0.00218386,0.30858,7.82052e-05,0.592412,-0.92391,0.382579,-0.00447938,0.00179754
2.233,0.000239302,0.00590737,-0.767341,0.285993,0.000159033,-0.0010066,-2.34061,0.175417,5.98104e-05,0.000866183,1.58588,0.117376,0.785386,-0.00148186,0.310716,0.000119108,0.593056,-0.923921,0.382539,-0.00535821,0.0021755
2.266,0.000263352,-0.00386697,-0.757361,0.312644,0.000151401,-0.00216407,-2.33495,0.165597,7.15546e-05,-0.0088404,1.58993,0.125975,0.785375,0.00408712,0.313551,0.000145991,0.593386,-0.923931,0.382507,-0.00583503,0.00239073
2.3,0.000236211,0.00609401,-0.745446,0.40146,0.000140631,-0.00242447,-2.32808,0.252258,-7.60927e-06,-0.000569226,1.59441,0.148625,0.78539,-0.000730335,0.31672,0.000152861,0.593284,-0.923938,0.382493,-0.00570579,0.00234702
2.333,0.00025608,0.00109188,-0.730164,0.475987,0.000155106,-0.00383636,-2.31846,0.28712,-8.42607e-06,-0.00346424,1.60046,0.197943,0.785398,0.000841095,0.320481,0.000132834,0.593142,-0.92393,0.382516,-0.00545701,0.00220568
2.366,0.000259226,0.00607082,-0.712701,0.551638,0.000155675,-0.00224324,-2.30759,0.346967,2.01638e-05,-0.000184549,1.60707,0.196751,0.78539,-0.00124285,0.325378,0.000146976,0.593314,-0.923934,0.382504,-0.00563968,0.00227671
2.4,0.000267835,0.00380498,-0.691371,0.606467,0.000137701,-0.00701107,-2.29417,0.387235,1.01438e-05,-0.00537222,1.61474,0.202331,0.785386,-0.00175433,0.330966,0.00015337,0.593336,-0.923936,0.382499,-0.00564118,0.00229369
2.433,0.00025328,-0.000492923,-0.669785,0.651382,0.000133944,-0.00344804,-2.28029,0.413893,5.98145e-06,-0.00472915,1.62212,0.228906,0.785386,0.00114488,0.337791,0.000150202,0.59327,-0.923937,0.382498,-0.00553336,0.00225113
2.466,0.000249803,0.00718618,-0.646164,0.735661,0.000130781,-0.00326021,-2.26454,0.504572,-1.46029e-05,0.000665784,1.62971,0.226549,0.785387,-0.00149429,0.344707,0.00014575,0.593167,-0.923935,0.382506,-0.00537835,0.0021871
2.5,0.000258934,0.00710918,-0.621203,0.73468,0.000115887,-0.00506282,-2.24765,0.490378,4.89626e-05,0.00206644,1.63759,0.215293,0.785366,-0.00271713,0.352291,0.000143787,0.593117,-0.923935,0.382508,-0.00525222,0.00212609
2.533,0.000253391,0.00262822,-0.597139,0.685993,6.86848e-05,-0.00166348,-2.2318,0.454416,7.94405e-05,0.00579513,1.64454,0.179703,0.785338,-0.00202711,0.360352,0.000149741,0.59298,-0.923938,0.382501,-0.00514998,0.00212411
2.566,0.000234042,-0.00735933,-0.575057,0.627672,4.01417e-05,0.0103655,-2.21752,0.411879,6.6067e-05,0.00880086,1.65027,0.148478,0.785322,-0.00252552,0.368078,0.000132154,0.592401,-0.923938,0.38251,-0.00455365,0.00190884
2.6,-0.000240561,-7.01743e-05,-0.55544,0.54669,-7.66615e-05,-0.00277511,-2.20462,0.369858,9.86818e-06,-0.00514417,1.65495,0.116589,0.785319,-0.000832224,0.375118,0.000112659,0.591529,-0.923937,0.382524,-0.00359842,0.00151476
2.633,-0.000234356,-0.00609076,-0.538214,0.458641,-0.000112806,0.00342857,-2.19269,0.315573,-2.02525e-05,0.000220174,1.65881,0.122003,0.785319,0.00145014,0.381362,-0.000126019,0.590684,-0.923832,0.382787,-0.00265246,0.00112528
2.666,-0.000234356,-0.00609076,-0.538214,0.458641,-0.000112806,0.00342857,-2.19269,0.315573,-2.02525e-05,0.000220174,1.65881,0.122003,0.785319,0.00145014,0.386869,-0.000145006,0.590112,-0.923829,0.382798,-0.00199549,0.000846451
2.7,0.000249309,0.00107598,-0.523669,0.394913,-0.000123463,-0.00142765,-2.18214,0.29773,-2.5191e-05,-0.00397371,1.66207,0.0777142,0.785313,-0.000898389,0.386869,-0.000145006,0.590112,-0.923829,0.382798,-0.00199549,0.000846451
2.733,0.000229625,-0.00538727,-0.511215,0.313989,-0.000107298,0.00351049,-2.17246,0.244296,-3.08243e-05,-0.000776363,1.66473,0.0846905,0.785314,0.00178269,0.391559,3.74187e-05,0.589785,-0.923922,0.382576,-0.00165749,0.000706443
2.766,-0.000240246,-0.000881549,-0.50116,0.274277,-8.7096e-05,0.000575335,-2.16408,0.237198,-2.37438e-05,-0.00248859,1.66694,0.0547403,0.785311,-0.00148401,0.395608,3.73134e-05,0.589748,-0.923921,0.38258,-0.00160772,0.000677788
2.8,0.000213908,0.00499385,-0.492676,0.238173,-6.76169e-05,-0.00032537,-2.15673,0.214622,5.35806e-06,0.00606571,1.66933,0.0718019,0.785316,-0.0014175,0.398926,-0.000139393,0.589957,-0.923834,0.382788,-0.00185657,0.000778428
2.833,0.000224142,0.00364862,-0.485083,0.219529,-6.33829e-05,-0.00320611,-2.15027,0.186404,1.25349e-05,-0.00432598,1.67211,0.0647104,0.785315,-0.000709611,0.401802,5.43067e-05,0.590289,-0.923921,0.382573,-0.00243004,0.00102685
2.866,0.000224909,0.00435646,-0.478165,0.19529,6.06439e-05,-0.00162034,-2.14436,0.18135,8.78942e-06,0.00359367,1.67334,-0.0123629,0.785295,-0.00182288,0.404442,6.15859e-05,0.590564,-0.923922,0.382566,-0.00318859,0.00134366
2.9,0.000245351,-0.00664827,-0.472521,0.127328,-6.82928e-05,0.00301418,-2.13879,0.137363,-3.40058e-05,-0.00181158,1.67175,-0.0648309,0.785287,0.00197729,0.406715,0.00012142,0.590701,-0.923947,0.382505,-0.00330792,0.00136015
2.933,-0.000265575,-0.00969228,-0.469474,0.0258864,-7.92996e-05,0.00513462,-2.13435,0.0859843,-4.98162e-05,-0.00270601,1.66787,-0.1429,0.785275,0.00156948,0.408339,6.40201e-05,0.590924,-0.923933,0.382544,-0.00253029,0.0010467
2.966,0.000239028,-0.00675675,-0.469369,-0.0249825,-8.32376e-05,0.00434889,-2.13031,0.136716,-0.00016525,-0.00579072,1.66086,-0.237102,0.785283,0.00302495,0.408982,-0.000151692,0.591461,-0.923839,0.382779,-0.00138401,0.000565482
3,0.00023332,0.00115858,-0.469517,0.0192118,7.99131e-05,0.000558608,-2.1223,0.338225,-0.000326111,-0.00966343,1.65052,-0.40377,0.785299,-0.00155978,0.408502,4.12368e-05,0.59273,-0.923936,0.382547,1.55327e-05,-7.51286e-05
3.033,0.000245186,0.00518963,-0.468774,0.0144169,0.000104664,-0.00205606,-2.10834,0.445614,-0.000289048,0.00881883,1.63642,-0.379902,0.785334,-0.00153459,0.407821,0.000101218,0.595709,-0.923961,0.382485,0.000973994,-0.000599049
3.066,-0.000251136,-0.00109101,-0.469323,-0.0453559,8.76112e-05,-0.00230242,-2.093,0.406011,-0.000121312,0.00546023,1.62333,-0.291718,0.78535,-0.000322987,0.407258,0.000121352,0.600825,-0.923959,0.382488,0.00138839,-0.000756995
3.1,0.000189485,0.00903795,-0.472206,-0.108338,-6.83063e-05,-0.00684758,-2.08205,0.258094,0.000120662,0.00699771,1.61662,-0.147441,0.785353,-0.00310067,0.406445,-7.18507e-05,0.607201,-0.923857,0.382738,0.000132233,-0.000141759
3.133,-0.000214631,-0.00534326,-0.475484,-0.0629997,-8.07887e-05,0.00139361,-2.07376,0.273483,5.28266e-05,-0.0155212,1.60894,-0.336729,0.785302,0.00415743,0.40539,5.58665e-05,0.612988,-0.923907,0.382603,-0.00310096,0.00136667
3.166,0.000210412,0.00665582,-0.476776,-0.012825,6.56757e-05,-0.00014282,-2.06227,0.400282,-9.23239e-05,0.00284882,1.5939,-0.511938,0.785288,-0.00101399,0.403951,-0.000120768,0.617573,-0.92383,0.382767,-0.00490697,0.00208002
3.2,0.000261634,-0.00101087,-0.477468,-0.0364718,0.000106384,-0.000558391,-2.04759,0.446044,-0.000137246,-0.000443129,1.57422,-0.565689,0.785298,-0.000240803,0.402349,0.000107165,0.622211,-0.923944,0.382504,-0.00390591,0.00155198
3.233,0.000244232,0.00419966,-0.480227,-0.114,6.73218e-05,-0.00353498,-2.03352,0.39157,-4.83639e-05,0.00720743,1.55629,-0.491184,0.785315,-0.00109488,0.400443,0.000142368,0.627689,-0.923965,0.382472,-0.00192552,0.000697124
3.266,0.000208017,-0.00792202,-0.485708,-0.195926,-7.82125e-05,0.00295723,-2.02188,0.263285,4.75731e-05,0.00406116,1.54149,-0.320885,0.785342,0.00342026,0.398,0.000125088,0.633841,-0.923952,0.382504,-0.00139629,0.000535539
3.3,-0.000224071,-0.0054064,-0.492141,-0.177158,-9.5121e-05,0.00110922,-2.01363,0.234611,8.37531e-05,-0.0127087,1.53126,-0.364769,0.785323,0.00264317,0.394921,4.88296e-05,0.64018,-0.923914,0.382591,-0.00244167,0.00105699
3.333,0.000220201,0.00761353,-0.49822,-0.180301,-6.75734e-05,-0.00684295,-2.00514,0.253554,1.27042e-05,-0.00941393,1.51601,-0.487332,0.785302,-0.000334484,0.391903,-0.000125475,0.64567,-0.923825,0.382785,-0.00448641,0.00192693
3.366,0.000214569,0.00520046,-0.505199,-0.224561,-5.2428e-05,-0.00167023,-1.99701,0.224342,1.7078e-05,0.00819567,1.49899,-0.45572,0.785311,2.81118e-05,0.388386,5.363e-05,0.650656,-0.923919,0.38256,-0.00419116,0.00176053
3.4,0.000233208,-0.00641225,-0.513488,-0.253075,-5.74066e-05,0.00182016,-1.99077,0.16652,3.83141e-05,-0.00570767,1.48549,-0.410531,0.785319,0.00101377,0.384316,5.85744e-05,0.655632,-0.923923,0.382562,-0.0033121,0.00139503
3.433,-0.000208172,0.0023902,-0.522726,-0.285192,-5.46602e-05,-0.00366582,-1.98555,0.13481,4.49817e-05,-0.00481547,1.47061,-0.410654,0.785321,0.000160725,0.38013,6.47783e-05,0.660497,-0.923922,0.382558,-0.00378143,0.00160246
3.466,0.000175853,0.0072567,-0.532823,-0.288107,-5.0481e-05,-0.00634221,-1.98187,0.0959092,6.49377e-05,-0.00691301,1.45831,-0.30212,0.785352,0.000676873,0.375426,-9.98109e-05,0.66508,-0.923839,0.382761,-0.00358504,0.00152325
3.5,0.000135759,-0.00232166,-0.541914,-0.227249,3.80109e-05,0.0125941,-1.97911,0.0884051,0.000138965,0.0117308,1.45094,-0.174596,0.785377,-0.0019185,0.370671,4.79839e-05,0.669449,-0.923905,0.382593,-0.00426195,0.00181435
3.533,0.000180888,0.00807331,-0.549245,-0.205514,5.27574e-05,-0.00241379,-1.97715,0.045708,0.000169484,0.00357718,1.44371,-0.271984,0.785334,-0.0028308,0.366746,8.46307e-05,0.67341,-0.923897,0.382579,-0.00632671,0.00268515
3.566,0.000243394,-0.00712517,-0.556752,-0.242814,6.46512e-05,0.0022167,-1.97694,-0.0286112,0.000142376,-0.00247562,1.43358,-0.303897,0.785311,0.00124475,0.363418,0.000111426,0.676337,-0.923911,0.382527,-0.00727208,0.00308887
3.6,0.000234036,-0.00163922,-0.565606,-0.282756,6.10749e-05,-0.00147736,-1.97831,-0.0538454,7.00065e-05,-0.005416,1.42218,-0.350993,0.785304,-0.000812814,0.359756,0.000135908,0.678243,-0.923936,0.382487,-0.00616826,0.00261351
3.633,0.000220978,0.00536584,-0.576598,-0.353133,-3.96201e-05,-0.00429315,-1.981,-0.0846683,-5.16885e-06,0.0017615,1.41015,-0.363127,0.785309,9.89118e-05,0.355532,0.00012121,0.679765,-0.923944,0.382499,-0.00437125,0.00183085
3.666,-0.000256887,-0.00698712,-0.590242,-0.441998,-8.02497e-05,0.00095798,-1.98497,-0.144805,-4.81508e-05,-0.00227518,1.39802,-0.341429,0.785319,0.00186205,0.350532,5.76739e-05,0.681357,-0.923928,0.382555,-0.00265251,0.00110779
3.7,0.000238532,-0.00209004,-0.606658,-0.526573,-0.000111892,-0.00389718,-1.99031,-0.185535,-6.24889e-05,-0.00563964,1.38613,-0.337317,0.785329,0.00128907,0.344633,-0.000132955,0.683226,-0.92383,0.382799,-0.00152069,0.00062804
3.733,0.000199465,0.00170451,-0.625737,-0.591446,-0.000112865,0.00072884,-1.99729,-0.225401,-1.86426e-05,0.00831519,1.37472,-0.327762,0.785332,-0.00169148,0.33783,1.9467e-05,0.685368,-0.923918,0.382589,-0.00114079,0.00047387
3.766,-0.0002193,-0.00229278,-0.647179,-0.657628,-9.34992e-05,-0.00110405,-2.00626,-0.300187,3.11653e-05,-0.00799555,1.36397,-0.299943,0.785338,0.00386403,0.330202,9.93986e-06,0.687598,-0.923911,0.382604,-0.00145265,0.000627627
3.8,0.000194292,-0.00260446,-0.670664,-0.722417,-8.10425e-05,-0.00155943,-2.01755,-0.378185,8.53727e-05,-0.000670988,1.35395,-0.271112,0.785341,0.00134828,0.3219,-0.000110882,0.689626,-0.923833,0.382787,-0.00224139,0.000974953
3.833,0.000162906,-0.00590043,-0.696515,-0.749336,-5.37142e-05,0.0128672,-2.03175,-0.431133,0.00014994,0.0122743,1.3446,-0.256705,0.785342,-0.00181555,0.313085,3.34496e-05,0.691162,-0.923913,0.382585,-0.00323963,0.00141439
3.866,0.00016867,-0.00429191,-0.723072,-0.810841,-5.15157e-05,0.000332066,-2.0484,-0.543715,0.000187176,0.00100425,1.33654,-0.211877,0.785347,0.00142326,0.303694,4.31833e-05,0.691999,-0.92391,0.382581,-0.00429262,0.00187587
3.901,0.000125809,0.00501828,-0.750914,-0.835832,-4.23258e-05,-0.00163976,-2.06797,-0.607832,0.000215309,0.00673465,1.32955,-0.197079,0.78535,-0.0011793,0.294397,4.93564e-05,0.691856,-0.923908,0.382573,-0.00514004,0.00224616
3.933,0.000153975,0.00548071,-0.780151,-0.880806,-4.04968e-05,-0.00681296,-2.09075,-0.715503,0.000241203,-0.00524457,1.32389,-0.157942,0.785355,-0.00118379,0.285029,4.3608e-05,0.690667,-0.923899,0.382586,-0.00572585,0.00250049
3.966,0.00015145,0.00279498,-0.810928,-0.938274,-3.50119e-05,-0.0037111,-2.11686,-0.833415,0.000258278,-0.00448704,1.31956,-0.0971642,0.785364,0.00126324,0.275635,5.45986e-05,0.688337,-0.923903,0.382569,-0.00608557,0.0026628
4,0.000153565,0.00864402,-0.844189,-0.908918,-1.51173e-05,-0.00183444,-2.14672,-0.824505,0.000194885,-0.000139544,1.31628,-0.0728367,0.785382,-0.000309256,0.266214,5.73865e-05,0.684829,-0.923902,0.382569,-0.00624089,0.00273429
4.033,0.000209938,0.00122518,-0.873527,-0.87214,3.12935e-05,-0.00252813,-2.17403,-0.833844,0.000165538,-0.00324683,1.31497,-0.00521429,0.785403,0.0016009,0.256479,5.7387e-05,0.680146,-0.923898,0.382577,-0.00631161,0.00272283
4.066,0.000209938,0.00122518,-0.873527,-0.87214,3.12935e-05,-0.00252813,-2.17403,-0.833844,0.000165538,-0.00324683,1.31497,-0.00521429,0.785403,0.0016009,0.248298,8.6155e-05,0.675481,-0.923907,0.38255,-0.0066589,0.00283265
4.1,0.000254864,0.000892216,-0.903424,-0.808133,9.25948e-05,-0.00279138,-2.20341,-0.826169,0.000177551,-0.00263454,1.31545,0.0450443,0.785415,0.00127402,0.248298,8.6155e-05,0.675481,-0.923907,0.38255,-0.0066589,0.00283265
4.133,0.000272382,-0.00296764,-0.928686,-0.727292,0.000145333,0.0105354,-2.23006,-0.793189,0.000194201,0.00930074,1.31728,0.0675364,0.785418,-0.0026011,0.240438,0.000121894,0.66997,-0.923917,0.382514,-0.00712102,0.00300443
4.166,0.000288723,0.00526022,-0.952553,-0.666376,0.000163277,-0.00076063,-2.2572,-0.783096,0.000175454,1.44701e-05,1.32034,0.0991972,0.785422,-0.000634756,0.234224,0.000147164,0.664464,-0.923925,0.382491,-0.00733384,0.00307795
4.2,0.000292226,-0.00160257,-0.9749,-0.611306,0.000168635,-0.00387278,-2.28459,-0.777914,0.000150202,-0.0077343,1.32456,0.135696,0.785424,0.00237546,0.228758,0.000153003,0.65837,-0.923929,0.382484,-0.00723707,0.00301922
4.233,0.00027065,-0.00353287,-0.995135,-0.54112,0.000167253,0.0091568,-2.31112,-0.730868,0.000118216,0.00763178,1.32963,0.148611,0.785424,-0.00259519,0.224035,0.000149975,0.651788,-0.923931,0.382488,-0.00686407,0.002848
4.266,0.000268222,-0.00187989,-1.01235,-0.498422,0.000158555,-0.00385922,-2.33501,-0.7104,7.51604e-05,-0.00721042,1.33507,0.176769,0.785429,0.00235908,0.220099,0.00013816,0.645069,-0.923928,0.382506,-0.00630655,0.00259978
4.3,0.00025662,-0.00181948,-1.02912,-0.437942,0.000158171,-0.00354292,-2.35947,-0.656023,3.50749e-05,-0.00732709,1.34152,0.184203,0.785429,0.00240555,0.217019,0.000126925,0.63879,-0.923927,0.382519,-0.00574746,0.00234868
4.333,0.000238083,0.00429359,-1.04296,-0.410287,0.000147843,-0.00183589,-2.38069,-0.642533,6.98855e-05,0.00156023,1.34843,0.229166,0.785434,-0.000803146,0.21427,0.000117362,0.632171,-0.923926,0.382532,-0.00517825,0.00209114
4.366,0.00022489,-0.00273293,-1.05655,-0.371251,0.000132339,0.00913599,-2.40245,-0.609899,5.71031e-05,0.00719802,1.35608,0.215367,0.785423,-0.00274249,0.212262,0.000112457,0.626336,-0.923922,0.382543,-0.00495333,0.00202047
4.4,0.000223409,0.00498419,-1.06842,-0.308877,0.000141646,0.000107051,-2.4224,-0.535158,-1.79272e-05,-0.00382482,1.3633,0.187996,0.785421,-0.000482476,0.210466,0.000101167,0.620221,-0.923921,0.38255,-0.00471348,0.00192106
4.433,0.0002219,-0.00251345,-1.07838,-0.28767,0.000158814,0.00808883,-2.4403,-0.536156,5.82381e-05,0.0135272,1.37136,0.285305,0.785437,-0.00289234,0.209026,9.36946e-05,0.614462,-0.92392,0.382557,-0.0043321,0.00171854
4.466,0.0002136,0.00448699,-1.08893,-0.314861,9.50566e-05,-0.00271454,-2.46025,-0.610554,0.000161008,0.000643831,1.38204,0.32649,0.785426,-0.000333539,0.208098,0.000107585,0.609258,-0.923921,0.382554,-0.00437354,0.00176756
4.5,0.000204483,-0.00203666,-1.09961,-0.285617,6.65478e-05,0.0097646,-2.48182,-0.615013,0.000137601,0.00553832,1.39343,0.316043,0.785412,-0.00269001,0.207395,9.57973e-05,0.603456,-0.923916,0.382557,-0.00493944,0.00208673
4.533,0.000213116,0.00518323,-1.10841,-0.216361,0.000103246,0.00085149,-2.50211,-0.552415,3.18299e-05,-0.00449503,1.40419,0.298208,0.785413,-0.000336858,0.206805,8.0817e-05,0.596978,-0.923912,0.382563,-0.00517017,0.00218345
4.566,0.000221977,-0.00174233,-1.11462,-0.146178,0.000168801,0.0106958,-2.51981,-0.483149,-4.5791e-06,0.0089192,1.41466,0.316549,0.785419,-0.0025184,0.206563,8.11608e-05,0.590587,-0.923915,0.382562,-0.00485594,0.00197914
4.6,0.000229739,0.00495096,-1.11917,-0.101841,0.000178749,-0.000428098,-2.53603,-0.432781,-1.60567e-05,-0.00521741,1.42576,0.275565,0.785407,-0.00102895,0.206811,9.88937e-05,0.584779,-0.923922,0.382552,-0.00440392,0.00174052
4.633,0.000229441,-0.002204,-1.12143,-0.0263733,0.000223563,0.0106645,-2.54852,-0.292132,-0.000137078,0.00763041,1.4333,0.194255,0.785403,-0.00151174,0.207446,0.000101554,0.579333,-0.923927,0.382543,-0.00414803,0.0016233
4.666,0.00022174,-0.00182956,-1.123,-0.0819192,0.000169871,-0.0081653,-2.55949,-0.389448,6.52271e-05,0.0081878,1.44398,0.436684,0.785449,0.00178521,0.208098,0.000100458,0.574768,-0.923933,0.382541,-0.00293093,0.00103215
4.7,0.00021,-0.00188107,-1.12586,-0.0752871,6.72411e-05,-0.00509541,-2.57408,-0.445265,0.000170951,-0.0075705,1.45898,0.402182,0.785413,0.00128714,0.20917,0.000105862,0.571025,-0.923921,0.382564,-0.00347621,0.00139273
4.733,0.00019174,-0.00170695,-1.12746,-0.0192372,7.00351e-05,0.00997261,-2.58948,-0.458735,0.000177404,0.0131147,1.47402,0.529257,0.785434,-0.00129622,0.210451,8.42989e-05,0.566258,-0.923913,0.382565,-0.00494726,0.002109
4.766,0.000213783,0.00578186,-1.12741,0.0518205,6.70801e-05,0.000182956,-2.6066,-0.486361,0.000187355,-0.00672242,1.49367,0.523293,0.785408,-0.00109495,0.211989,8.18311e-05,0.560836,-0.923902,0.382582,-0.00551853,0.00234795
4.8,0.000227769,-0.00123729,-1.12406,0.149983,0.000138391,0.0118933,-2.62257,-0.443457,0.00011225,0.00762096,1.51196,0.566119,0.78541,-0.00271852,0.214332,8.66769e-05,0.554653,-0.923903,0.382558,-0.00666437,0.0028297
4.833,0.000245033,0.00440244,-1.11782,0.220705,0.000182496,0.000125068,-2.63674,-0.362447,-4.49697e-06,-0.00656743,1.52989,0.456747,0.785384,-0.00064195,0.217124,0.000101857,0.548134,-0.923913,0.382544,-0.0062163,0.00256904
4.866,0.000226161,-0.00186876,-1.10989,0.254707,0.000201371,0.00983729,-2.64823,-0.307538,-2.30365e-05,0.00884599,1.54655,0.525917,0.785406,-0.00251222,0.220348,0.000105348,0.54175,-0.923931,0.382521,-0.00510467,0.00202411
4.9,0.000210459,0.0045618,-1.10087,0.289296,0.000173034,-0.00206589,-2.65832,-0.270293,-1.93728e-05,-0.00216437,1.56529,0.564766,0.785415,0.000230636,0.223663,0.000104729,0.536079,-0.923931,0.382538,-0.00383329,0.00147845
4.933,0.000225802,-0.00419028,-1.09041,0.327551,0.000164151,0.000389526,-2.66689,-0.228191,-2.01735e-05,-0.00474588,1.58427,0.531954,0.785399,0.00259366,0.227311,9.41086e-05,0.530959,-0.923924,0.382555,-0.00365374,0.0014201
4.966,0.000201583,-0.00146805,-1.07887,0.360299,0.00015785,0.0105695,-2.67369,-0.171208,-1.99422e-05,0.00910666,1.60202,0.535635,0.785402,-0.00285636,0.231185,9.57288e-05,0.526199,-0.92393,0.382541,-0.00362959,0.00141436
5,0.000200096,0.00504584,-1.06608,0.404614,0.000147671,-0.00150809,-2.67915,-0.133474,-1.41876e-05,-0.00245629,1.62093,0.559921,0.785407,-0.000115439,0.235074,8.91123e-05,0.521861,-0.923926,0.382555,-0.00335641,0.00130473
5.033,0.000206069,-0.00108198,-1.05146,0.466747,0.000156707,0.0114738,-2.68323,-0.0895436,8.10468e-06,0.00921582,1.64052,0.574451,0.785401,-0.00332759,0.239276,8.74122e-05,0.517912,-0.923923,0.382558,-0.00365879,0.00143849
5.066,0.000215431,0.00516452,-1.03479,0.523749,0.000156489,-0.00146807,-2.68591,-0.0511904,6.48861e-06,-0.00279955,1.66045,0.583449,0.785399,-0.000273754,0.243856,9.46804e-05,0.514177,-0.923924,0.38255,-0.0040652,0.00161529
5.1,0.000221496,-0.00120662,-1.01605,0.588767,0.000166657,0.0116814,-2.68711,-0.00221549,1.02869e-05,0.00883856,1.68062,0.587477,0.785392,-0.00331569,0.248826,9.80213e-05,0.510565,-0.923926,0.382543,-0.00433771,0.00172817
5.133,0.000237934,-0.000688353,-0.995253,0.629683,0.000159553,-0.00681889,-2.68667,0.025937,-1.15632e-05,-0.00166576,1.70084,0.600565,0.785391,6.41949e-05,0.254194,0.000104271,0.50707,-0.923929,0.382533,-0.00444174,0.00176948
5.166,0.000240756,-0.000748893,-0.972563,0.683089,0.000159955,-0.00690227,-2.6844,0.0820642,-2.36334e-05,-0.00185847,1.72086,0.593774,0.785388,0.000113646,0.259954,0.000106185,0.503734,-0.923933,0.382525,-0.00438203,0.00173726
5.2,0.000231069,0.00103767,-0.94809,0.729143,0.000161014,-0.00435571,-2.6801,0.142333,-3.81787e-05,-0.00218405,1.74057,0.580051,0.785388,0.000551528,0.266088,0.000108001,0.500638,-0.923936,0.38252,-0.00419827,0.00165558
5.233,0.000233464,-0.00447931,-0.921827,0.80697,0.000173349,0.0172854,-2.67351,0.239389,-3.89338e-05,0.0114306,1.75981,0.55517,0.785382,-0.00213062,0.272605,0.000106695,0.497866,-0.923937,0.382522,-0.00398617,0.00156069
5.266,0.000250462,-0.00413051,-0.893871,0.84883,0.000175111,-0.000489728,-2.66446,0.299344,-5.94885e-05,-0.00646525,1.77827,0.537808,0.785385,0.00448854,0.279544,0.000113545,0.495498,-0.923941,0.382513,-0.00378791,0.00147426
5.3,0.000235236,0.00552785,-0.864229,0.899096,0.000173274,-0.0036265,-2.65268,0.394421,-8.98876e-05,-0.00265485,1.79566,0.484939,0.785382,-0.00109471,0.286909,0.000120099,0.493576,-0.923947,0.382502,-0.00358266,0.0013793
5.333,0.000253497,-0.00410072,-0.832967,0.948263,0.000183248,-0.00123188,-2.63789,0.479868,-0.000103754,-0.00801796,1.81165,0.454902,0.785383,0.00509099,0.294737,0.000115855,0.492173,-0.923947,0.382504,-0.00337184,0.00127852
5.366,0.000259992,-0.000620196,-0.800523,0.931446,0.00017173,-0.00441886,-2.62011,0.527296,-8.42927e-05,-0.00146596,1.8256,0.371523,0.785365,-0.000148183,0.303059,0.000127052,0.491369,-0.923954,0.382489,-0.00315205,0.00117833
5.4,0.000234634,0.00418124,-0.76942,0.890531,0.000129479,-0.00348559,-2.60114,0.580351,-5.69826e-05,-0.000529591,1.83636,0.260784,0.785348,-0.00222993,0.311781,0.000130983,0.491191,-0.923958,0.382481,-0.00281814,0.00105699
5.433,0.000238813,-0.00621424,-0.740412,0.814464,7.20583e-05,-0.00252852,-2.58121,0.591015,-6.2606e-05,0.00106853,1.84414,0.202712,0.78534,0.00096556,0.320195,0.000114614,0.491442,-0.923952,0.382501,-0.00217489,0.000822689
5.466,0.000185641,0.00295094,-0.713562,0.75996,4.33594e-05,-0.00148072,-2.56028,0.639059,-7.21311e-05,0.00352144,1.84923,0.10302,0.785336,-0.00211472,0.32818,9.86113e-05,0.492303,-0.923948,0.382514,-0.00156552,0.000589725
5.5,0.000201131,0.00333741,-0.688806,0.698498,2.99409e-05,-0.00676326,-2.53849,0.654645,-7.71209e-05,-0.00496063,1.85199,0.0387409,0.785337,-0.00169725,0.33576,7.22273e-05,0.493891,-0.923936,0.382544,-0.00117575,0.000434212
5.533,0.000197004,0.00390337,-0.66603,0.643095,-2.5287e-05,5.34535e-05,-2.51604,0.671506,-6.22385e-05,0.00740446,1.85263,-0.00941745,0.785332,-0.00346568,0.342958,7.39681e-05,0.4962,-0.923938,0.382542,-0.00108736,0.000400089
5.566,0.00020657,0.002961,-0.645152,0.588956,-2.71543e-05,0.00191812,-2.49332,0.674201,-3.72209e-05,0.00859024,1.85142,-0.0594025,0.785325,-0.00264887,0.349766,5.44818e-05,0.499143,-0.923929,0.382563,-0.0012157,0.000479728
5.602,0.000214405,0.00240127,-0.626078,0.538678,3.62014e-05,-0.0033695,-2.47064,0.668396,-2.11885e-05,-0.0045208,1.84852,-0.114356,0.785322,0.000401384,0.356162,6.01561e-05,0.502577,-0.92393,0.382559,-0.00150267,0.000611995
5.633,0.000214405,0.00240127,-0.626078,0.538678,3.62014e-05,-0.0033695,-2.47064,0.668396,-2.11885e-05,-0.0045208,1.84852,-0.114356,0.785322,0.000401384,0.362112,9.02696e-05,0.506364,-0.92394,0.382532,-0.00183327,0.000737032
5.666,-0.000206418,-0.00729797,-0.608804,0.469544,3.63728e-05,0.00468699,-2.44837,0.625652,1.29783e-05,0.00164915,1.84428,-0.127596,0.785316,0.0015163,0.362112,9.02696e-05,0.506364,-0.92394,0.382532,-0.00183327,0.000737032
5.7,-0.000201128,-0.00733409,-0.592981,0.419608,3.95688e-05,0.0056974,-2.42634,0.605701,1.764e-05,-9.85962e-05,1.8387,-0.171734,0.78531,0.00168459,0.367585,-6.01896e-05,0.510389,-0.923858,0.382727,-0.00217607,0.000896538
5.733,-0.000210886,-0.00117133,-0.579367,0.384795,4.45267e-05,-0.0018481,-2.40592,0.587768,2.51154e-05,-0.00601172,1.83235,-0.18221,0.785314,0.00520436,0.372646,-5.72962e-05,0.514628,-0.92386,0.382721,-0.0024652,0.001018
5.766,0.000231568,0.00115772,-0.566735,0.330808,-4.89438e-05,-0.00292284,-2.3856,0.554855,5.82333e-05,-0.00153207,1.82544,-0.199175,0.785306,-0.000642762,0.377028,-5.89082e-05,0.518785,-0.923857,0.382726,-0.00267916,0.00110929
5.8,0.000189866,0.00597929,-0.556826,0.278283,-5.67765e-05,-0.000784808,-2.36846,0.505942,7.82337e-05,-0.00208232,1.819,-0.255379,0.785289,-0.00125868,0.381151,7.22665e-05,0.52316,-0.923926,0.382558,-0.00302338,0.00129724
5.833,0.000212786,-0.00719969,-0.546059,0.326817,5.96875e-05,0.00556484,-2.3485,0.608004,-0.000105097,-0.00348498,1.80834,-0.311984,0.785309,0.00294438,0.384414,5.50592e-05,0.527046,-0.923918,0.382574,-0.00338382,0.00145901
5.866,0.000202977,-0.00743413,-0.53366,0.35497,0.000121086,0.00662465,-2.32473,0.698055,-0.000150517,0.00279225,1.79573,-0.338913,0.785329,0.00277258,0.38771,9.96767e-05,0.531551,-0.923948,0.382507,-0.00275235,0.00106824
5.9,0.000230188,-0.00671123,-0.521824,0.309346,0.000133282,0.00211657,-2.30058,0.6673,-3.02009e-05,0.00411599,1.78387,-0.315935,0.785324,0.001817,0.391528,0.00012011,0.537041,-0.923956,0.382493,-0.00218973,0.000794532
5.933,-0.000227,-0.000549079,-0.512321,0.263847,7.15383e-05,0.00740949,-2.27885,0.632028,4.57761e-05,0.00712643,1.77262,-0.379608,0.785299,-0.00243378,0.395311,0.000148024,0.542957,-0.923958,0.382485,-0.00237803,0.000933447
5.966,0.000229165,0.00705082,-0.504201,0.233286,-5.55486e-05,-0.005061,-2.25787,0.630191,8.70027e-06,0.00678374,1.75939,-0.363157,0.785312,-0.000106588,0.398368,-5.40364e-05,0.548652,-0.923861,0.382716,-0.00281483,0.00117081
6,0.0002211,0.00668253,-0.497894,0.169279,-8.25031e-05,-0.00900977,-2.23899,0.541662,6.16109e-05,-0.0154435,1.74842,-0.39904,0.785296,-0.00213809,0.400783,6.71842e-05,0.554332,-0.923926,0.38256,-0.00263858,0.00111223
6.033,-0.000219938,0.000485264,-0.491667,0.203976,5.5374e-05,0.0101928,-2.21873,0.643106,-8.16736e-05,0.00991672,1.73262,-0.466441,0.785303,-0.000381506,0.402778,5.64483e-05,0.559909,-0.923919,0.38257,-0.00336373,0.00144756
6.066,-0.000246551,-0.001066,-0.485471,0.165078,7.33516e-05,-0.000225108,-2.19721,0.617262,-2.45569e-05,0.00137489,1.71719,-0.41941,0.785315,-0.00102978,0.404299,-7.05678e-05,0.565738,-0.923864,0.382711,-0.00258716,0.00101345
6.1,0.000230092,0.00645364,-0.481152,0.099597,-5.70037e-05,-0.0040733,-2.17803,0.523995,9.0135e-05,0.00728565,1.70399,-0.361023,0.785311,-0.000590039,0.405877,-6.78344e-05,0.572204,-0.923858,0.382726,-0.00252821,0.00101515
6.133,0.000221032,0.00608745,-0.478875,0.0463464,-7.41527e-05,-0.00385922,-2.16219,0.430769,0.000128383,0.00820752,1.69232,-0.312046,0.785307,-0.00108637,0.406973,7.51054e-05,0.57849,-0.923923,0.382563,-0.00326229,0.00141411
6.166,-0.000236191,-0.00923281,-0.478502,-0.00761498,-9.25324e-05,0.00427795,-2.15093,0.258972,0.000237717,-0.000382666,1.6849,-0.176488,0.785307,0.00159129,0.407408,6.69237e-05,0.584128,-0.923914,0.382573,-0.00412793,0.0017975
6.2,-0.000219445,-0.00305011,-0.478897,-0.00446566,-8.25345e-05,-0.00215992,-2.14322,0.188334,0.000211409,-0.0132453,1.67864,-0.160027,0.785306,0.00589521,0.407448,-0.00011771,0.588717,-0.923813,0.382793,-0.00570815,0.00251397
6.233,-0.000219883,-0.00615939,-0.479273,-0.00704578,-6.17984e-05,0.00097015,-2.13813,0.096352,0.000231842,-0.00959803,1.6745,-0.061875,0.785314,0.0052859,0.407155,-0.000108536,0.592015,-0.923813,0.382776,-0.00656554,0.00285246
6.266,-0.000214204,-0.00537749,-0.479901,-0.011687,6.15531e-05,-0.000171158,-2.13675,-0.0105133,0.00026506,-0.0131085,1.67395,0.0100609,0.78531,0.00454693,0.406916,-9.66699e-05,0.594237,-0.92381,0.38277,-0.007174,0.00311037
6.3,0.000191813,-0.00260935,-0.480098,0.0156207,6.02675e-05,0.0101275,-2.13749,-0.0167191,0.00019305,0.00739993,1.67365,-0.0193527,0.785297,-0.00172908,0.406773,-3.16648e-05,0.595106,-0.923827,0.382714,-0.00785414,0.00337958
6.333,0.000189846,0.00659769,-0.479404,0.0285933,6.6702e-05,-0.00164554,-2.13854,-0.0195194,0.000101583,0.00392891,1.67315,-0.024965,0.785303,-0.00199235,0.406648,0.000125828,0.594807,-0.923912,0.382519,-0.00748068,0.00318818
6.366,0.000232279,-0.00671018,-0.478197,0.0326157,7.79809e-05,0.000994083,-2.13954,-0.0321528,3.68387e-05,-0.00633065,1.67272,-0.0036957,0.785312,0.00154059,0.406717,0.000119213,0.593975,-0.923921,0.382519,-0.00646109,0.00271493
6.4,0.000235182,0.000843669,-0.477112,0.032451,7.22707e-05,-0.00263442,-2.14033,-0.0166076,6.44545e-06,-0.00265313,1.6724,-0.0121557,0.785315,-0.00113633,0.406927,0.000135614,0.592964,-0.923938,0.3825,-0.00525281,0.00217687
6.433,-0.000250852,-0.00703854,-0.477094,-0.0477538,-6.62456e-05,0.00268965,-2.14186,-0.0921966,2.67572e-05,-0.000315089,1.67236,0.0145742,0.785309,0.00169393,0.407128,0.000131115,0.592119,-0.923943,0.382503,-0.00424694,0.00174519
6.466,0.000279899,0.00308506,-0.480039,-0.140368,-8.61021e-05,-0.00405144,-2.14554,-0.140809,3.89804e-05,-0.00439936,1.67206,-0.029561,0.785291,-0.00128187,0.407038,-0.00013131,0.591376,-0.92383,0.382784,-0.00350132,0.00148035
6.502,0.000258257,0.0045397,-0.486712,-0.239024,-9.44501e-05,-0.0010094,-2.15143,-0.179325,3.08617e-05,0.00358212,1.67096,-0.0532388,0.785282,-0.00154774,0.406024,7.619e-05,0.590783,-0.923933,0.38254,-0.00301768,0.00129265
6.533,-0.000227837,-0.00691812,-0.496106,-0.311288,-7.7004e-05,0.00527912,-2.15812,-0.215103,1.93783e-05,-0.000456019,1.66923,-0.0420118,0.785289,0.00246237,0.403831,6.22151e-05,0.590569,-0.92393,0.382549,-0.00287254,0.00123048
6.566,-0.000229811,-0.000349936,-0.506852,-0.326202,-6.0096e-05,0.00064116,-2.16484,-0.197763,4.56419e-05,-0.00165966,1.66725,-0.0642886,0.785294,-0.000699264,0.400825,-0.000126028,0.59099,-0.923837,0.382768,-0.00332387,0.00140628
6.6,-0.000240011,-0.00611185,-0.519305,-0.423143,5.43758e-05,0.00284019,-2.17322,-0.321837,0.000159631,0.00222283,1.6653,-0.0536719,0.785277,0.00128229,0.397445,-0.000115297,0.591887,-0.923835,0.382764,-0.00426388,0.00180558
6.633,0.000214449,-0.00640261,-0.534771,-0.494306,-5.77492e-05,0.0032208,-2.18506,-0.387281,0.000156603,-0.00178697,1.66197,-0.107893,0.785265,0.00244255,0.393536,-5.31905e-05,0.592624,-0.923848,0.382717,-0.00523128,0.00223735
6.666,-0.000213892,-0.00183011,-0.551863,-0.533742,-4.78543e-05,0.000169701,-2.19806,-0.419144,0.000127704,-0.00795487,1.65768,-0.120956,0.785279,0.0052672,0.388517,7.18017e-05,0.592707,-0.923918,0.382546,-0.00535808,0.00231986
6.7,0.000209016,-0.00638684,-0.570717,-0.594519,4.43522e-05,0.00358579,-2.2124,-0.457152,0.000115781,-2.30077e-05,1.65272,-0.147052,0.785278,0.00176444,0.382928,-9.13873e-05,0.592697,-0.923836,0.382745,-0.0052729,0.00226541
6.733,0.000211235,0.00416098,-0.591477,-0.633544,-3.63216e-05,-0.000515342,-2.22802,-0.467413,0.000116253,0.0041413,1.6469,-0.193935,0.785278,-0.00113518,0.376765,0.000110545,0.592563,-0.923934,0.382512,-0.00508347,0.00215553
6.766,0.00021018,-0.00570994,-0.614325,-0.720047,-3.65141e-05,0.00248449,-2.2449,-0.534435,0.000100869,0.000612845,1.64006,-0.205537,0.785284,0.00138303,0.369981,7.33708e-05,0.592329,-0.923923,0.382543,-0.00475782,0.00204464
6.8,0.000173612,0.0002518,-0.639659,-0.749375,3.21461e-05,-0.00280699,-2.26288,-0.523753,4.51617e-05,-0.00536478,1.63185,-0.234461,0.785303,0.00131917,0.362525,7.00797e-05,0.592027,-0.923924,0.382546,-0.00435687,0.00187071
6.833,0.00017991,-0.00316977,-0.664589,-0.715671,4.90372e-05,-0.00274246,-2.27935,-0.457697,7.74599e-06,-0.0103544,1.62347,-0.237466,0.785327,0.00497908,0.354278,8.01907e-05,0.591799,-0.923927,0.382545,-0.00398119,0.00166333
6.866,0.000145031,-0.00355011,-0.687963,-0.647337,9.05926e-05,0.0163663,-2.29345,-0.368773,7.00547e-06,0.0117622,1.61556,-0.22617,0.785349,-0.00153677,0.346237,8.42791e-05,0.591939,-0.923926,0.382546,-0.00402717,0.00165627
6.9,0.000192348,-0.00421234,-0.709011,-0.59477,0.000121893,0.00219217,-2.30548,-0.34352,2.98032e-05,0.00302932,1.60846,-0.18808,0.785361,0.00158988,0.33879,8.8496e-05,0.592533,-0.923918,0.382556,-0.00466576,0.00190573
6.933,0.0002205,-0.000421101,-0.727614,-0.508815,0.000169836,-0.00462248,-2.3161,-0.297498,5.61189e-05,-0.00908839,1.60187,-0.181378,0.785368,0.00360726,0.332143,0.000118357,0.593238,-0.923924,0.382528,-0.00554543,0.00227097
6.966,0.000243282,0.00179204,-0.743631,-0.452097,0.000187014,-0.00409659,-2.32542,-0.282946,8.38219e-05,-0.00390975,1.59591,-0.163608,0.785366,0.00098777,0.326262,0.000148619,0.593727,-0.923931,0.382501,-0.00618985,0.0025343
7,0.000249858,-0.00147705,-0.757314,-0.356036,0.000195982,-0.00540971,-2.33377,-0.22002,5.5042e-05,-0.0116031,1.59032,-0.146089,0.785375,0.00405177,0.321186,0.000164167,0.593957,-0.923935,0.382483,-0.00652948,0.00268277
7.033,0.000268612,-0.00194949,-0.767402,-0.253005,0.0002071,-0.00425669,-2.33965,-0.152347,3.32219e-05,-0.00657317,1.5862,-0.0961278,0.785387,0.00335666,0.316803,0.000165189,0.593862,-0.923937,0.382482,-0.00641698,0.00261631
7.066,0.000268612,-0.00194949,-0.767402,-0.253005,0.0002071,-0.00425669,-2.33965,-0.152347,3.32219e-05,-0.00657317,1.5862,-0.0961278,0.785387,0.00335666,0.313592,0.000171997,0.593887,-0.923939,0.382476,-0.0064661,0.00262005
7.1,0.00026649,0.00393777,-0.775001,-0.191889,0.000189518,-0.00801651,-2.34443,-0.128125,6.08056e-05,-0.00506594,1.58299,-0.096231,0.785377,-0.00183452,0.313592,0.000171997,0.593887,-0.923939,0.382476,-0.0064661,0.00262005
7.133,0.000235996,0.000232181,-0.780986,-0.171253,0.0001659,-0.0050824,-2.34879,-0.139039,6.31499e-05,-0.0053616,1.5801,-0.075019,0.785371,0.0011355,0.311159,0.000166064,0.593712,-0.923939,0.382479,-0.0062791,0.00256342
7.166,0.000207016,0.00409103,-0.785776,-0.111673,0.000140458,-0.00151859,-2.35243,-0.0822654,2.91446e-05,-0.0017178,1.57757,-0.0675832,0.785375,-0.000645114,0.309196,0.0001465,0.593248,-0.923935,0.3825,-0.00569328,0.0023303
7.2,0.000200301,0.00351057,-0.788878,-0.0652631,0.00011614,-0.00669011,-2.35463,-0.0342415,-1.88244e-05,-0.00449913,1.57595,-0.0395349,0.785384,-0.00102668,0.307602,0.000123129,0.592775,-0.923929,0.382525,-0.0050537,0.00205615
7.233,0.000189697,0.00631015,-0.789703,0.00816756,0.000136076,-0.00320473,-2.35495,0.017515,-1.39528e-05,0.00184556,1.57561,-0.000813787,0.785391,-0.00176974,0.306577,0.00010588,0.592544,-0.923924,0.382542,-0.00472971,0.00190507
7.266,0.000224822,-0.00381274,-0.789039,0.0299754,0.000138775,-0.00202493,-2.35449,0.00589502,4.25318e-05,-0.00632849,1.57603,0.0205144,0.785379,0.00344536,0.306319,0.000111055,0.592615,-0.923923,0.382543,-0.00480652,0.00193186
7.3,0.000199698,-0.0062855,-0.788077,0.0356497,0.000118118,0.0137489,-2.35437,0.0101927,6.93125e-05,0.0112474,1.57634,0.00186069,0.785361,-0.00260314,0.306832,0.000115943,0.592459,-0.923929,0.382531,-0.00464571,0.00191717
7.333,0.000202844,-0.00524987,-0.787273,0.0106644,7.81303e-05,-0.00173136,-2.35458,-0.0191558,4.57825e-05,0.000385134,1.57644,0.0129892,0.785357,0.00139918,0.307046,9.84319e-05,0.592121,-0.923927,0.382541,-0.00422088,0.0017437
7.366,0.000155449,0.00322629,-0.786706,0.0132833,5.95718e-05,-0.00133713,-2.35484,0.00245287,2.59352e-05,0.00429936,1.5764,-0.0116766,0.785353,-0.00183233,0.307046,9.84319e-05,0.592121,-0.923927,0.382541,-0.00422088,0.0017437
7.4,0.000162967,0.00320066,-0.786409,0.00666797,5.17089e-05,-0.00693025,-2.35503,0.000355682,9.76231e-06,-0.00603958,1.57637,-0.0109734,0.785355,-0.00127918,0.307183,7.43531e-05,0.591821,-0.923918,0.382568,-0.00382376,0.00157541
7.433,0.000146431,0.00030934,-0.78633,-0.0112104,5.58321e-05,-0.00344792,-2.3551,-0.0174195,1.18637e-05,-0.00409948,1.57636,0.00648647,0.785356,0.00112678,0.307251,7.18007e-05,0.591634,-0.923919,0.382568,-0.00358218,0.00146959
7.466,0.000147538,0.00430611,-0.786386,0.00456099,6.11279e-05,-0.000332245,-2.35505,0.00887118,1.87662e-05,0.000508676,1.57636,-0.00252017,0.785355,-0.00107108,0.307269,6.85948e-05,0.591577,-0.923916,0.382575,-0.0035096,0.00143906
7.5,0.000179317,-0.00357715,-0.78653,-0.00196111,6.6299e-05,-0.0016096,-2.35496,-0.00156484,2.46868e-05,-0.00728627,1.57639,0.00882485,0.785354,0.00381855,0.307256,7.17879e-05,0.591619,-0.923918,0.382572,-0.00355993,0.00146162
7.533,0.000150581,-0.0054173,-0.786677,0.00458312,7.10482e-05,0.014647,-2.35486,0.0150287,3.82517e-05,0.0114186,1.57641,-0.00302661,0.785349,-0.00234312,0.307224,8.42483e-05,0.591705,-0.923924,0.382556,-0.00367802,0.00151184
7.566,0.000169248,-0.0043883,-0.786797,-0.0124106,6.01682e-05,-0.000786735,-2.3548,-0.0095178,3.16924e-05,0.00120041,1.57645,0.0132254,0.78535,0.00146005,0.307191,7.87625e-05,0.5918,-0.92392,0.382565,-0.00380192,0.00156862
7.6,0.000169609,-0.00438357,-0.78686,-0.0109031,6.21371e-05,-0.000818397,-2.35476,-0.0105254,3.40245e-05,0.0011356,1.57647,0.0128883,0.785349,0.0014694,0.307165,7.94415e-05,0.591869,-0.923921,0.38256,-0.00390106,0.00161034
7.633,0.000151832,0.00402031,-0.786866,0.0014023,6.52443e-05,-0.00691365,-2.35475,0.00397275,2.83895e-05,-0.00584041,1.57647,-0.00960069,0.785349,-0.00132271,0.307152,8.05875e-05,0.59191,-0.923921,0.382559,-0.00395908,0.00163489
7.666,0.000131539,0.00412764,-0.786849,0.00143379,6.39028e-05,-0.000955238,-2.35475,0.00899481,3.23854e-05,0.00489823,1.57646,-0.0103486,0.785347,-0.0018687,0.307151,7.57709e-05,0.591918,-0.923918,0.382566,-0.00397188,0.00163591
7.7,0.000142066,0.000809317,-0.78682,-0.010037,7.18502e-05,-0.00358797,-2.35478,-0.0177992,3.19967e-05,-0.00424635,1.57648,0.0065576,0.78535,0.00114197,0.307154,6.9427e-05,0.591911,-0.923915,0.382575,-0.00395703,0.00163238
7.733,0.000146319,0.00449618,-0.786777,0.00876512,7.45788e-05,-0.00046856,-2.35479,0.00629855,3.48462e-05,0.000256432,1.57646,-0.00333377,0.785349,-0.0010307,0.307162,7.58001e-05,0.591888,-0.923917,0.382569,-0.00393626,0.00162057
7.766,0.000179752,-0.00353593,-0.786761,0.00298181,7.52162e-05,-0.00173932,-2.35481,-0.00481906,3.36703e-05,-0.00750322,1.57646,0.00770543,0.78535,0.00385992,0.307172,7.85029e-05,0.591871,-0.923919,0.382565,-0.00390788,0.00160932
7.8,0.000152297,-0.00544991,-0.786751,0.0087212,7.58232e-05,0.0145009,-2.35481,0.0122594,4.05781e-05,0.0112338,1.57645,-0.00405063,0.785346,-0.00230366,0.307175,8.89026e-05,0.591855,-0.923925,0.38255,-0.00388861,0.00160054
7.833,0.000171082,-0.00443548,-0.786756,-0.00983053,6.17287e-05,-0.000910757,-2.35483,-0.011228,2.94697e-05,0.00105757,1.57645,0.0124777,0.785348,0.00150177,0.307177,8.14477e-05,0.591849,-0.923921,0.382561,-0.00387498,0.00159832
